<?xml version="1.0" encoding="UTF-8"?>
<project-private xmlns="http://www.netbeans.org/ns/project-private/1">
    <editor-bookmarks xmlns="http://www.netbeans.org/ns/editor-bookmarks/2" lastBookmarkId="0"/>
    <open-files xmlns="http://www.netbeans.org/ns/projectui-open-files/2">
        <group>
            <file>file:/home/christian-heimvik/Documents/School/S7/TDT4258/Lab4/Lab4.X/internals.h</file>
            <file>file:/home/christian-heimvik/Documents/School/S7/TDT4258/Lab4/Lab4.X/internals.c</file>
            <file>file:/home/christian-heimvik/Documents/School/S7/TDT4258/Lab4/Lab4.X/main.c</file>
        </group>
    </open-files>
</project-private>
